STATION,NAME,STATE
USC00420061,"ALPINE, UT US",UTAH
USC00150012,"ABERDEEN, KY US",KENTUCKY
USC00310090,"ALBEMARLE, NC US",NORTH CAROLINA
USC00182325,"DALECARLIA RESERVOIR, MD US",MARYLAND
USW00025704,"ADAK AIRPORT, AK US",ALASKA
USW00012832,"APALACHICOLA AIRPORT, FL US",FLORIDA
USC00130088,"AKRON, IA US",IOWA
USC00170100,"ACADIA NATIONAL PARK, ME US",MAINE
USC00470045,"AFTON, WI US",WISCONSIN
USW00014895,"AKRON CANTON AIRPORT, OH US",OHIO
USC00410012,"ABERNATHY, TX US",TEXAS
USC00220008,"ABBEVILLE, MS US",MISSISSIPPI
USC00200032,"ADRIAN, MI US",MICHIGAN
USC00440021,"ABINGDON 3 S, VA US",VIRGINIA
USC00090010,"ABBEVILLE, GA US",GEORGIA
USC00120096,"ALEXANDRIA, IN US",INDIANA
USC00160007,"ABBEVILLE, LA US",LOUISIANA
USC00360022,"ACMETONIA LOCK 3, PA US",PENNSYLVANIA
USC00030006,"ABBOTT, AR US",ARKANSAS
USC00140010,"ABILENE, KS US",KANSAS
USC00350036,"ADEL, OR US",OREGON
USC00260125,"ALAN BIBLE VISITOR CENTER, NV US",NEVADA
USC00042760,"ACAMPO 5 NE, CA US",CALIFORNIA
USC00450013,"ABERDEEN 20 NNE, WA US",WASHINGTON
USC00050105,"AGUILAR 18 WSW, CO US",COLORADO
USC00510123,"AIEA HEIGHTS 764.6, HI US",HAWAII
USC00100010,"ABERDEEN EXPERIMENT STATION, ID US",IDAHO
USW00013701,"ABERDEEN PHILLIPS FIELD, MD US",MARYLAND
USC00300023,"ADDISON, NY US",NEW YORK
USC00270045,"ALEXANDRIA 4, NH US",NEW HAMPSHIRE
USC00110050,"ALBERS 1 W, IL US",ILLINOIS
USC00010008,"ABBEVILLE, AL US",ALABAMA
USC00240075,"ALBERTON, MT US",MONTANA
USC00460094,"ALBRIGHT, WV US",WEST VIRGINIA
USW00094793,"BLOCK ISLAND STATE AIRPORT, RI US",RHODE ISLAND
USC00250030,"AGATE 3 E, NE US",NEBRASKA
USC00480027,"AFTON, WY US",WYOMING
USC00071200,"BEAR 2 SW, DE US",DELAWARE
USW00093825,"ADVANCE 1 S, MO US",MISSOURI
USC00340010,"ACME MESONET, OK US",OKLAHOMA
USC00400049,"ALAMO 1 N, TN US",TENNESSEE
USC00020060,"AGUILA, AZ US",ARIZONA
USC00430277,"BALL MOUNTAIN LAKE, VT US",VERMONT
USC00320022,"ADAMS 7 SSW, ND US",NORTH DAKOTA
USC00210018,"ADA, MN US",MINNESOTA
USC00190120,"AMHERST, MA US",MASSACHUSETTS
USC00060128,"ANSONIA 1 NE, CT US",CONNECTICUT
USC00380126,"ALLENDALE 2 NW, SC US",SOUTH CAROLINA
USW00054779,"ANDOVER AEROFLEX AIRPORT, NJ US",NEW JERSEY
USW00054933,"ABERDEEN 35 WNW, SD US",SOUTH DAKOTA
USC00290022,"ABBOTT 1 SE, NM US",NEW MEXICO
